{
  "Dummy": {
    "mean": 0.49440615484260525,
    "std": 0.012282068720203345
  },
  "LogisticRegression": {
    "mean": 0.8041164350806509,
    "std": 0.006015321927744079
  },
  "DecisionTree": {
    "mean": 0.827715778247212,
    "std": 0.0,
    "params": {
      "max_depth": 7,
      "min_samples_leaf": 20
    }
  },
  "RandomForest": {
    "mean": 0.9264578404100792,
    "std": 0.0,
    "params": {
      "max_depth": null,
      "min_samples_leaf": 2,
      "n_estimators": 100
    }
  },
  "HistGradientBoosting": {
    "mean": 0.9248247877937125,
    "std": 0.0,
    "params": {
      "learning_rate": 0.1,
      "max_depth": 5,
      "max_iter": 100
    }
  }
}