Model,CV_ROC_AUC,Test_Accuracy,Test_F1,Test_ROC_AUC
RandomForest,0.9264578404100792,0.8930555555555556,0.7624922887106724,0.9286585159278191
HistGradientBoosting,0.9248247877937125,0.9,0.7892271662763466,0.9223954005121613
DecisionTree,0.827715778247212,0.8180555555555555,0.6066066066066066,0.8228210723502624
LogisticRegression,0.8041164350806509,0.8127777777777778,0.5623376623376624,0.7976803276238305
Dummy,0.49440615484260525,0.6152777777777778,0.2660307366189719,0.5026724060622366
