Model,accuracy,f1,roc_auc
Dummy,0.6766666666666666,0.0,0.5
Logistic Regression,0.8296666666666667,0.7146845337800112,0.8789091463104972
Decision Tree,0.8783333333333333,0.805125467164976,0.9066164745315118
Random Forest,0.929,0.8846778559826746,0.9689479965466457
Gradient Boosting,0.927,0.8824476650563607,0.9682260931389975
