{
  "Dummy": {
    "accuracy": 0.6766666666666666,
    "f1": 0.0,
    "roc_auc": 0.5
  },
  "Logistic Regression": {
    "accuracy": 0.8296666666666667,
    "f1": 0.7146845337800112,
    "roc_auc": 0.8789091463104972
  },
  "Decision Tree": {
    "accuracy": 0.8783333333333333,
    "f1": 0.805125467164976,
    "roc_auc": 0.9066164745315118
  },
  "Random Forest": {
    "accuracy": 0.929,
    "f1": 0.8846778559826746,
    "roc_auc": 0.9689479965466457
  },
  "Gradient Boosting": {
    "accuracy": 0.927,
    "f1": 0.8824476650563607,
    "roc_auc": 0.9682260931389975
  }
}