Model,CV_F1_Score,Test_Accuracy,Test_F1_Score,Test_ROC_AUC
Dummy,0.9532418800711483,0.908,0.9517819706498952,0.5
Logistic Regression,0.9548696433922685,0.872,0.9313304721030042,0.8548170848496457
Decision Tree,0.9818965875509397,0.964,0.9801324503311258,0.9017429611185599
Random Forest,0.968799976986057,0.944,0.9699570815450643,0.9598735874353572
Gradient Boosting,0.9840579230703742,0.96,0.9780701754385965,0.9837195939475196
