{
  "01": {
    "KMeans": {
      "silhouette": 0.5216395622404242,
      "davies_bouldin": 0.6853295219054459,
      "calinski_harabasz": 11786.95462267153,
      "n_clusters": 2
    },
    "DBSCAN": {
      "silhouette": 0.39938528024969727,
      "noise_ratio": 0.09216666666666666,
      "n_clusters": 5
    }
  },
  "02": {
    "KMeans": {
      "silhouette": 0.3068610017701601,
      "davies_bouldin": 1.3234721699867644,
      "calinski_harabasz": 3573.3933329348392,
      "n_clusters": 2
    },
    "DBSCAN": {
      "silhouette": 0.5812458584406734,
      "noise_ratio": 0.9185,
      "n_clusters": 46
    }
  },
  "03": {
    "KMeans": {
      "silhouette": 0.31554470037825183,
      "davies_bouldin": 1.1577256320598661,
      "calinski_harabasz": 6957.162639510166,
      "n_clusters": 3
    },
    "DBSCAN": {
      "silhouette": 0.8121356112341539,
      "noise_ratio": 0.9959333333333333,
      "n_clusters": 5
    }
  }
}