{
  "01": {
    "silhouette": 0.6374509825587878,
    "davies_bouldin": 0.6853295219054456,
    "calinski_harabasz": 11786.954622671541,
    "n_clusters": 2
  },
  "02": {
    "silhouette": 0.3174064100539146,
    "davies_bouldin": 1.3234715790226,
    "calinski_harabasz": 3573.3971512019034,
    "n_clusters": 2
  },
  "03": {
    "silhouette": 0.3964843164437654,
    "davies_bouldin": 1.3554985317877872,
    "calinski_harabasz": 7004.795176046165,
    "n_clusters": 2
  }
}