{
  "ds1": {
    "KMeans": {
      "silhouette": 0.5216395622404242,
      "calinski_harabasz": 11786.954622671528,
      "davies_bouldin": 0.6853295219054458
    },
    "DBSCAN": {
      "silhouette": 0.8763699490071604,
      "calinski_harabasz": 1091.6574688856522,
      "davies_bouldin": 0.170432654272207,
      "noise_ratio": 0.9969166666666667
    }
  },
  "ds2": {
    "KMeans": {
      "silhouette": 0.3068610017701601,
      "calinski_harabasz": 3573.3933329348392,
      "davies_bouldin": 1.3234721699867644
    },
    "DBSCAN": {
      "silhouette": 0.5812458584406734,
      "calinski_harabasz": 2758.1225203015906,
      "davies_bouldin": 0.5779820069800065,
      "noise_ratio": 0.9185
    }
  },
  "ds3": {
    "KMeans": {
      "silhouette": 0.31554470037825183,
      "calinski_harabasz": 6957.162639510166,
      "davies_bouldin": 1.1577256320598661
    },
    "DBSCAN": {
      "silhouette": 0.8121356112341535,
      "calinski_harabasz": 3564.021041770511,
      "davies_bouldin": 0.24494686691049247,
      "noise_ratio": 0.9959333333333333
    }
  }
}