experiment_id,dataset,seed,model_summary,optimizer,lr,momentum,weight_decay,epochs_trained,best_val_accuracy,best_val_loss
E1,EMNIST,42,256-128-64/ReLU/no-Dropout/no-BN,Adam,0.001,0.0,0.0,15,0.8396719858156029,0.5249624036799716
E2,EMNIST,42,256-128-64/ReLU/Dropout(0.3)/no-BN,Adam,0.001,0.0,0.0,15,0.8346631205673759,0.49645321887765226
E3,EMNIST,42,256-128-64/ReLU/no-Dropout/BatchNorm,Adam,0.001,0.0,0.0,15,0.8519060283687944,0.45269463375463326
E4,EMNIST,42,256-128-64/ReLU/no-Dropout/BatchNorm/EarlyStop,Adam,0.001,0.0,0.0,15,0.8519060283687944,0.45269463375463326
O1,EMNIST,42,256-128-64/ReLU/reg-as-E4,Adam,0.1,0.0,0.0,8,0.8120124113475178,0.5810952354959176
O2,EMNIST,42,256-128-64/ReLU/reg-as-E4,Adam,1e-05,0.0,0.0,8,0.6539450354609929,2.0594343842759644
O3,EMNIST,42,256-128-64/ReLU/reg-as-E4,SGD,0.01,0.9,0.0001,15,0.8504875886524823,0.46263532264757967
